industry,software_type
ferreterías,software de inventario
panaderías,software de facturación
ópticas,sistema de gestión de turnos
talleres mecánicos,software de presupuestos
veterinarias,sistema de historia clínica
inmobiliarias,CRM
restaurantes,software de delivery
gimnasios,sistema de membresías
estudios contables,software de liquidación de sueldos
peluquerías,sistema de reservas
clínicas dentales,software de gestión clínica
estudios jurídicos,software de gestión de casos
academias de inglés,plataforma de e-learning
distribuidoras mayoristas,software ERP
agencias de marketing,software de gestión de proyectos
constructoras,software de obras
hoteles,software de reservas
lavaderos de auto,sistema de turnos
empresas de logística,software de ruteo
clínicas estéticas,software de agenda
inmobiliarias,software de tasación
e-commerce,plataforma de tienda online
agencias de viajes,software de reservas
escuelas privadas,sistema de gestión educativa
inmobiliarias,software de administración de alquileres
estudios fotográficos,software de gestión de clientes
empresas de seguridad,software de control de rondas
guarderías infantiles,software de gestión
consultorios médicos,software de turnos online
empresas de eventos,software de gestión de eventos
panaderías,sistema de punto de venta
distribuidoras de bebidas,software de ruteo
talleres mecánicos,software de inventario de repuestos
empresas constructoras,software de cómputos y presupuestos
ópticas,sistema de inventario de armazones
clínicas dentales,software de turnos
restaurantes,sistema POS para gastronomía
gimnasios,software de control de accesos
academias de manejo,sistema de reservas de clases
estudios contables,software de monotributo
